estimator,n_estimators,max_depth,min_samples_leaf,train,val,test,n_train,n_val,n_test,val_r,val_r2,val_mse,val_rmse,val_mae,test_r,test_r2,test_mse,test_rmse,test_mae
random_forest,500,,1,0.7,0.15,0.15,837,180,180,0.9983647383485796,0.996688325646601,0.00020092748340111324,0.014174889184791296,0.006532905222222355,0.998971683855616,0.9978954927157703,0.00011788102313016294,0.010857302755756741,0.004013542166666644
random_forest,500,,1,0.6,0.2,0.2,717,240,240,0.9986422659245876,0.9971446327871186,0.00016378720430915028,0.012797937502158317,0.006052843141666795,0.9986871145798399,0.997295697352241,0.0001524959258108811,0.012348924075031036,0.005318571233333466
random_forest,500,,1,0.7,0.1,0.2,837,120,240,0.9986393449987058,0.9969900076755522,0.00018242564668588177,0.013506503866133595,0.005806625000000407,0.9988571416850467,0.9976348034179803,0.00013337369720756954,0.011548753058558726,0.004595794991666763
