dataset,model,n_rows,n_features,cv_mae_mean,cv_mae_std,cv_rmse_mean,cv_rmse_std,cv_r2_mean,cv_r2_std,test_mae,test_rmse,test_r2
D0_raw_no_drop_outliers,RandomForest,1197,9,0.26347404213933373,0.033484054185887326,0.5963221145690545,0.10653124600112505,0.9971504416857255,0.0006962420298346013,0.17823847222224404,0.46831067227204215,0.998289942654817
D1_iqr_removed,RandomForest,1071,9,0.2845455489822862,0.0066078866056664,0.600874568828894,0.05916655545930716,0.9971501595505696,0.000625063189979615,0.19796418604651309,0.4101474567066035,0.9985533794553837
D2_winsorized_1_99,RandomForest,1197,9,0.27705090332315996,0.04307642066972003,0.6220568485162475,0.12449890678652437,0.9968979109621973,0.0008651554690705997,0.18822208333335524,0.48840664255860927,0.9981400310759283
