Dataset,Model,Rows,Features,CV MAE (mean),CV MAE (std),CV RMSE (mean),CV RMSE (std),CV R2 (mean),CV R2 (std),Test MAE,Test RMSE,Test R2
D0_raw_no_drop_outliers,LinearRegression,1197,9,0.5181345465011864,0.03663389960129603,0.768892407643121,0.06645636242679623,0.9952567290579362,0.0006002380686198896,0.49954628853354693,0.7123616773687972,0.9960432039993004
D0_raw_no_drop_outliers,HuberRegressor,1197,9,0.480933249931052,0.04313991309794563,0.784322486915246,0.07224533641567299,0.9950712995178183,0.0006068226190996573,0.43493418824674596,0.7237511269577414,0.9959156676869517
D0_raw_no_drop_outliers,RandomForest,1197,9,0.2634740421393338,0.03348405418588749,0.5963221145690547,0.10653124600112512,0.9971504416857255,0.0006962420298346013,0.17823847222224387,0.4683106722720424,0.998289942654817
D1_iqr_removed,LinearRegression,1071,9,0.5092188318951688,0.03091757874808497,0.736570219127391,0.05092007750282204,0.9957388890114075,0.000697991888970777,0.47527459148127166,0.6517637364494038,0.9963469554472734
D1_iqr_removed,HuberRegressor,1071,9,0.4634272950194629,0.035777884009934945,0.7721156737340149,0.06263822880821193,0.995305128574028,0.0008611262974889422,0.39830820164152464,0.6420125078076746,0.9964554462930892
D1_iqr_removed,RandomForest,1071,9,0.28454554898228634,0.0066078866056663845,0.6008745688288943,0.0591665554593069,0.9971501595505696,0.000625063189979615,0.19796418604651367,0.41014745670660385,0.9985533794553837
D2_winsorized_1_99,LinearRegression,1197,9,0.5258445341587639,0.04371862327421304,0.8024724693580723,0.08310886932994406,0.9948451063398392,0.0006712720209009494,0.5072159647305249,0.735177866520585,0.9957856809479716
D2_winsorized_1_99,HuberRegressor,1197,9,0.4950572520602393,0.04207080742633398,0.8181700472295462,0.08161492294184229,0.9946502785017678,0.0006008949966840127,0.44036276373880734,0.7498495018879685,0.9956157957475356
D2_winsorized_1_99,RandomForest,1197,9,0.27705090332315996,0.04307642066971988,0.6220568485162479,0.1244989067865244,0.9968979109621973,0.0008651554690705997,0.18822208333335563,0.4884066425586102,0.9981400310759283
